solver_name,instance_name,total_distance,num_routes,solve_time,status,objective_value
PyVRP,delivery_route,387.3684899544654,2,15.001780986785889,OPTIMAL,387.3684899544654
OR-Tools,delivery_route,262.33900000000006,2,0.034918785095214844,OPTIMAL,262.33900000000006
PyVRP,distribution_network,643.8501239631419,3,20.001294136047363,OPTIMAL,643.8501239631419
OR-Tools,distribution_network,390.2610000000001,3,0.04618406295776367,OPTIMAL,390.2610000000001
